Ticket Description,Ticket Type,Ticket Priority
Is this item compatible with my existing home setup,Product inquiry,Low
Can I get a partial refund since only one item in my order was damaged,Refund request,Medium
I'm just curious how long refunds usually take to process,Refund request,Low
Does this product come available in other colors or sizes,Product inquiry,Low
Just checking what happens to my data if I cancel my account,Cancellation request,Low
Can you tell me the expected delivery time for this item,Product inquiry,Low
Could you send me a copy of last month's invoice for my records,Billing inquiry,Low
I keep getting an error message whenever I try to sign in to my account,Technical issue,High
Can you confirm when my next billing cycle starts,Billing inquiry,Low
I need to update the billing address linked to my account,Billing inquiry,Low
I'd like to switch my payment method to a different card,Billing inquiry,Low
"Please process my refund right away, I need the money back urgently for an emergency",Refund request,Critical
"I tried to cancel my plan but the system won't let me, and I'm being charged again very soon",Cancellation request,Critical
The mobile app freezes randomly during video playback,Technical issue,Medium
"Production servers are down and customers cannot check out, we are losing sales right now",Technical issue,Critical
The dashboard takes a long time to load but it does eventually work,Technical issue,Low
Is there a bulk discount available if I order more than ten units,Product inquiry,Low
Some buttons on the settings page are slightly misaligned visually,Technical issue,Low
My credit card got charged in a different currency than expected,Billing inquiry,Medium
The sync feature between devices has stopped working since yesterday,Technical issue,Medium
How do I go about cancelling my membership whenever I decide to,Cancellation request,Low
The refunded amount I received is less than what I actually paid,Refund request,High
"I was charged twice for my order, please refund the extra amount immediately",Billing inquiry,High
"Please cancel my order right now, I no longer need it",Cancellation request,High
I'd like to know if this product is suitable for outdoor use,Product inquiry,Low
"There is an unexpected extra charge on my latest bill, please explain",Billing inquiry,Medium
Our entire system is completely down and nobody on the team can log in,Technical issue,Critical
I'd like to pause my subscription for a couple of months instead of cancelling,Cancellation request,Low
My subscription payment failed but the amount was still deducted from my bank account,Billing inquiry,High
What accessories are included in the box with this purchase,Product inquiry,Low
My refund has still not arrived even though it has been over ten days,Refund request,High
Why does my invoice show a different amount than what I was quoted,Billing inquiry,Medium
My cancellation request from last week still hasn't been processed,Cancellation request,High
"I never received a confirmation email for my refund, please check urgently",Refund request,High
What are the full specifications of this laptop model,Product inquiry,Low
The app crashes every single time I try to upload a photo,Technical issue,Medium
What is your policy on refunds if I'm not satisfied with a product,Refund request,Low
I noticed a small typo in the help documentation,Technical issue,Low
I would like a refund for the item I returned last week,Refund request,Medium
"I was billed for a service I already cancelled, please correct this",Billing inquiry,High
The device stopped turning on at all and nothing I try fixes it,Technical issue,Critical
"I want to cancel my subscription starting next month, no rush",Cancellation request,Low
I need to know the warranty details before I decide to purchase,Product inquiry,Medium
I need to change the email address on my account,Account request,Low
How can I reset my account password,Account request,Low
I cannot access my account after changing my phone number,Account request,High
My account has been locked and I cannot sign in,Account request,High
I want to update my personal information,Account request,Low
Someone changed the details on my account without permission,Account request,Critical
I need help recovering access to my account,Account request,High
How do I change my username,Account request,Low
I never received my package,Delivery inquiry,High
Can you tell me when my order will arrive,Delivery inquiry,Low
My package is delayed and was supposed to arrive yesterday,Delivery inquiry,Medium
The tracking information has not updated for several days,Delivery inquiry,Medium
My order has not been delivered yet,Delivery inquiry,High
Can you provide the tracking number for my shipment,Delivery inquiry,Low
My package arrived later than the promised delivery date,Delivery inquiry,Medium
The delivery address needs to be changed before shipment,Delivery inquiry,High
I need help extending the deadline for my submission,General request,Medium
Can I get additional time to complete this task,General request,Medium
I have a question about something not covered by the other support options,General request,Low
Could you please extend my submission deadline,General request,Medium
I need some extra time to finish my work,General request,Medium
Can someone help me with a general request,General request,Low
I would like to request an extension for completing my task,General request,Medium
Please give me more time before my submission is due,General request,Medium
